y_true,y_pred
Normal Weight,Overweight Level Ii
Normal Weight,Normal Weight
Normal Weight,Normal Weight
Overweight Level I,Overweight Level I
Overweight Level Ii,Overweight Level Ii
Normal Weight,Normal Weight
Normal Weight,Normal Weight
Normal Weight,Normal Weight
Normal Weight,Normal Weight
Normal Weight,Normal Weight
Obesity Type I,Obesity Type I
Overweight Level Ii,Overweight Level Ii
Normal Weight,Normal Weight
Obesity Type I,Obesity Type I
Normal Weight,Normal Weight
Normal Weight,Normal Weight
Overweight Level Ii,Obesity Type I
Obesity Type I,Obesity Type I
Overweight Level Ii,Overweight Level Ii
Overweight Level I,Overweight Level I
Overweight Level Ii,Overweight Level Ii
Obesity Type I,Obesity Type I
Normal Weight,Normal Weight
Obesity Type I,Obesity Type I
Normal Weight,Normal Weight
Normal Weight,Normal Weight
Normal Weight,Normal Weight
Normal Weight,Normal Weight
Normal Weight,Normal Weight
Normal Weight,Normal Weight
Obesity Type I,Overweight Level I
Overweight Level Ii,Overweight Level Ii
Normal Weight,Normal Weight
Overweight Level Ii,Overweight Level Ii
Normal Weight,Normal Weight
Overweight Level Ii,Overweight Level Ii
Normal Weight,Normal Weight
Normal Weight,Normal Weight
Normal Weight,Normal Weight
Overweight Level Ii,Overweight Level I
Overweight Level I,Overweight Level I
Normal Weight,Normal Weight
Normal Weight,Normal Weight
Normal Weight,Normal Weight
Normal Weight,Normal Weight
Overweight Level Ii,Overweight Level Ii
Normal Weight,Normal Weight
Normal Weight,Normal Weight
Normal Weight,Normal Weight
Normal Weight,Normal Weight
Normal Weight,Normal Weight
Normal Weight,Normal Weight
Normal Weight,Normal Weight
Normal Weight,Normal Weight
Normal Weight,Normal Weight
Normal Weight,Normal Weight
Normal Weight,Normal Weight
Normal Weight,Normal Weight
Normal Weight,Normal Weight
Insufficient Weight,Insufficient Weight
Normal Weight,Normal Weight
Normal Weight,Normal Weight
Normal Weight,Normal Weight
Normal Weight,Normal Weight
Normal Weight,Normal Weight
Overweight Level I,Overweight Level I
Overweight Level Ii,Overweight Level Ii
Obesity Type I,Obesity Type I
Obesity Type I,Obesity Type Ii
Normal Weight,Normal Weight
Overweight Level Ii,Overweight Level Ii
Insufficient Weight,Normal Weight
Normal Weight,Normal Weight
Normal Weight,Normal Weight
Overweight Level Ii,Overweight Level Ii
Insufficient Weight,Normal Weight
Insufficient Weight,Normal Weight
Overweight Level Ii,Obesity Type I
Obesity Type I,Obesity Type I
Normal Weight,Normal Weight
Obesity Type I,Normal Weight
Overweight Level Ii,Overweight Level Ii
Obesity Type I,Obesity Type I
Insufficient Weight,Insufficient Weight
Overweight Level Ii,Overweight Level Ii
Normal Weight,Normal Weight
Normal Weight,Normal Weight
Overweight Level I,Obesity Type I
Normal Weight,Normal Weight
Overweight Level Ii,Overweight Level Ii
Obesity Type Ii,Normal Weight
Normal Weight,Normal Weight
Overweight Level I,Overweight Level I
Normal Weight,Normal Weight
Normal Weight,Normal Weight
Normal Weight,Normal Weight
Obesity Type I,Normal Weight
Insufficient Weight,Insufficient Weight
Normal Weight,Normal Weight
Normal Weight,Normal Weight
Normal Weight,Normal Weight
Normal Weight,Normal Weight
Normal Weight,Normal Weight
Obesity Type I,Obesity Type I
Normal Weight,Normal Weight
Overweight Level I,Overweight Level I
Obesity Type I,Obesity Type I
Obesity Type I,Obesity Type I
Normal Weight,Normal Weight
Normal Weight,Normal Weight
Normal Weight,Normal Weight
Normal Weight,Normal Weight
Normal Weight,Normal Weight
Normal Weight,Insufficient Weight
Obesity Type I,Obesity Type I
Overweight Level Ii,Overweight Level Ii
Normal Weight,Normal Weight
Overweight Level Ii,Overweight Level Ii
Overweight Level I,Overweight Level I
Overweight Level Ii,Overweight Level Ii
Insufficient Weight,Insufficient Weight
Normal Weight,Obesity Type Ii
Overweight Level Ii,Overweight Level Ii
Overweight Level I,Overweight Level Ii
Normal Weight,Normal Weight
Normal Weight,Normal Weight
Normal Weight,Normal Weight
Overweight Level Ii,Normal Weight
Normal Weight,Normal Weight
Normal Weight,Normal Weight
Normal Weight,Normal Weight
Normal Weight,Normal Weight
Obesity Type I,Obesity Type I
Overweight Level I,Overweight Level I
Normal Weight,Normal Weight
Obesity Type I,Obesity Type I
Normal Weight,Normal Weight
Normal Weight,Normal Weight
Insufficient Weight,Insufficient Weight
Normal Weight,Normal Weight
Obesity Type I,Normal Weight
Overweight Level I,Overweight Level I
Overweight Level I,Overweight Level I
Overweight Level I,Overweight Level I
Normal Weight,Normal Weight
Obesity Type I,Obesity Type I
Normal Weight,Normal Weight
Obesity Type I,Obesity Type I
Normal Weight,Normal Weight
Normal Weight,Normal Weight
Overweight Level I,Overweight Level I
Overweight Level Ii,Overweight Level Ii
Obesity Type I,Overweight Level I
Normal Weight,Normal Weight
Normal Weight,Normal Weight
Normal Weight,Normal Weight
Overweight Level I,Overweight Level I
Overweight Level Ii,Obesity Type I
Normal Weight,Normal Weight
Overweight Level Ii,Overweight Level Ii
Normal Weight,Normal Weight
Normal Weight,Normal Weight
Overweight Level Ii,Overweight Level Ii
Obesity Type Ii,Obesity Type Ii
Normal Weight,Normal Weight
Overweight Level Ii,Overweight Level Ii
Overweight Level I,Overweight Level I
Overweight Level Ii,Overweight Level Ii
Overweight Level Ii,Overweight Level Ii
Normal Weight,Normal Weight
Normal Weight,Insufficient Weight
Normal Weight,Normal Weight
Overweight Level I,Overweight Level I
Normal Weight,Normal Weight
Normal Weight,Normal Weight
Normal Weight,Overweight Level I
Normal Weight,Overweight Level Ii
Normal Weight,Normal Weight
Obesity Type I,Obesity Type I
Insufficient Weight,Insufficient Weight
Overweight Level Ii,Normal Weight
Overweight Level I,Overweight Level I
Obesity Type I,Overweight Level Ii
Obesity Type I,Obesity Type I
Obesity Type I,Obesity Type I
Normal Weight,Normal Weight
Normal Weight,Normal Weight
Overweight Level I,Overweight Level I
Overweight Level I,Overweight Level I
Normal Weight,Normal Weight
Obesity Type I,Obesity Type I
Overweight Level I,Overweight Level I
Normal Weight,Overweight Level Ii
Obesity Type Ii,Obesity Type Ii
Insufficient Weight,Insufficient Weight
Normal Weight,Normal Weight
Obesity Type I,Obesity Type I
Obesity Type I,Obesity Type I
Obesity Type Iii,Obesity Type Iii
Obesity Type I,Obesity Type I
Normal Weight,Normal Weight
Obesity Type I,Obesity Type I
Obesity Type I,Obesity Type I
Normal Weight,Normal Weight
Normal Weight,Overweight Level I
Obesity Type Ii,Obesity Type I
Normal Weight,Normal Weight
Overweight Level Ii,Normal Weight
Normal Weight,Normal Weight
Normal Weight,Normal Weight
Normal Weight,Overweight Level I
Normal Weight,Normal Weight
Overweight Level I,Normal Weight
Normal Weight,Normal Weight
Overweight Level I,Overweight Level I
Overweight Level I,Overweight Level I
Overweight Level Ii,Overweight Level Ii
Normal Weight,Normal Weight
Normal Weight,Normal Weight
Obesity Type I,Obesity Type I
Obesity Type Ii,Obesity Type Ii
Normal Weight,Normal Weight
Normal Weight,Normal Weight
Overweight Level Ii,Overweight Level Ii
Obesity Type Ii,Obesity Type Ii
Overweight Level I,Overweight Level I
Normal Weight,Normal Weight
Normal Weight,Normal Weight
Overweight Level Ii,Overweight Level I
Normal Weight,Normal Weight
Normal Weight,Normal Weight
Normal Weight,Normal Weight
Normal Weight,Normal Weight
Normal Weight,Normal Weight
Normal Weight,Normal Weight
Normal Weight,Normal Weight
Overweight Level I,Normal Weight
Normal Weight,Normal Weight
Overweight Level Ii,Overweight Level Ii
Normal Weight,Normal Weight
Insufficient Weight,Insufficient Weight
Normal Weight,Normal Weight
Normal Weight,Normal Weight
Normal Weight,Normal Weight
Overweight Level I,Overweight Level I
Overweight Level Ii,Obesity Type I
Overweight Level Ii,Overweight Level Ii
Overweight Level Ii,Overweight Level Ii
Normal Weight,Normal Weight
Normal Weight,Obesity Type I
Overweight Level I,Overweight Level I
Overweight Level Ii,Overweight Level Ii
Obesity Type I,Obesity Type I
Overweight Level Ii,Overweight Level Ii
Obesity Type I,Obesity Type I
Overweight Level I,Normal Weight
Overweight Level I,Overweight Level I
Normal Weight,Normal Weight
Insufficient Weight,Normal Weight
Normal Weight,Normal Weight
Insufficient Weight,Insufficient Weight
Insufficient Weight,Insufficient Weight
Overweight Level Ii,Normal Weight
Normal Weight,Normal Weight
Normal Weight,Normal Weight
Obesity Type I,Obesity Type I
Normal Weight,Normal Weight
Normal Weight,Normal Weight
Normal Weight,Normal Weight
Normal Weight,Normal Weight
Normal Weight,Normal Weight
Insufficient Weight,Insufficient Weight
Normal Weight,Normal Weight
Normal Weight,Normal Weight
Insufficient Weight,Insufficient Weight
Normal Weight,Normal Weight
Normal Weight,Normal Weight
Normal Weight,Normal Weight
Normal Weight,Normal Weight
Normal Weight,Normal Weight
Obesity Type I,Obesity Type I
Normal Weight,Normal Weight
Normal Weight,Normal Weight
Normal Weight,Normal Weight
Normal Weight,Normal Weight
Normal Weight,Normal Weight
Insufficient Weight,Normal Weight
Normal Weight,Normal Weight
Normal Weight,Normal Weight
Obesity Type I,Obesity Type I
Normal Weight,Normal Weight
Normal Weight,Normal Weight
Overweight Level I,Overweight Level I
Normal Weight,Normal Weight
Overweight Level I,Overweight Level I
Obesity Type I,Normal Weight
Normal Weight,Normal Weight
Insufficient Weight,Normal Weight
Normal Weight,Normal Weight
Overweight Level I,Overweight Level I
Obesity Type Ii,Obesity Type Ii
Normal Weight,Normal Weight
Normal Weight,Normal Weight
Normal Weight,Normal Weight
Normal Weight,Normal Weight
Insufficient Weight,Insufficient Weight
Normal Weight,Normal Weight
Normal Weight,Normal Weight
Normal Weight,Normal Weight
Normal Weight,Normal Weight
Normal Weight,Normal Weight
Normal Weight,Normal Weight
Normal Weight,Normal Weight
Normal Weight,Normal Weight
Overweight Level I,Overweight Level I
Normal Weight,Normal Weight
Normal Weight,Normal Weight
Insufficient Weight,Normal Weight
Normal Weight,Normal Weight
Overweight Level I,Overweight Level I
Normal Weight,Normal Weight
Normal Weight,Normal Weight
Overweight Level I,Normal Weight
Normal Weight,Normal Weight
Obesity Type I,Obesity Type I
Insufficient Weight,Insufficient Weight
Normal Weight,Normal Weight
Normal Weight,Overweight Level Ii
Normal Weight,Normal Weight
Overweight Level I,Normal Weight
Insufficient Weight,Normal Weight
Normal Weight,Normal Weight
Normal Weight,Normal Weight
Overweight Level I,Normal Weight
Insufficient Weight,Insufficient Weight
Normal Weight,Normal Weight
Normal Weight,Normal Weight
Obesity Type I,Obesity Type I
Normal Weight,Normal Weight
Obesity Type Iii,Obesity Type Ii
Normal Weight,Normal Weight
Normal Weight,Overweight Level Ii
Overweight Level Ii,Overweight Level Ii
Normal Weight,Normal Weight
Obesity Type I,Obesity Type I
Normal Weight,Normal Weight
Normal Weight,Normal Weight
Normal Weight,Normal Weight
Normal Weight,Normal Weight
Normal Weight,Normal Weight
Overweight Level I,Overweight Level I
Insufficient Weight,Insufficient Weight
Normal Weight,Normal Weight
Obesity Type Ii,Obesity Type Ii
Normal Weight,Normal Weight
Normal Weight,Normal Weight
Obesity Type I,Obesity Type I
Overweight Level I,Overweight Level I
Normal Weight,Normal Weight
Overweight Level I,Overweight Level I
Normal Weight,Normal Weight
Overweight Level Ii,Overweight Level Ii
Overweight Level I,Overweight Level I
Overweight Level Ii,Overweight Level Ii
Overweight Level Ii,Normal Weight
Normal Weight,Normal Weight
Overweight Level I,Overweight Level I
Normal Weight,Normal Weight
Normal Weight,Normal Weight
Normal Weight,Normal Weight
Overweight Level Ii,Overweight Level Ii
Normal Weight,Normal Weight
Normal Weight,Normal Weight
Normal Weight,Normal Weight
Normal Weight,Normal Weight
Overweight Level Ii,Overweight Level I
Normal Weight,Normal Weight
Normal Weight,Normal Weight
Obesity Type I,Obesity Type I
Normal Weight,Normal Weight
Normal Weight,Normal Weight
Normal Weight,Normal Weight
Obesity Type I,Obesity Type I
Obesity Type I,Obesity Type I
Overweight Level I,Overweight Level I
Insufficient Weight,Insufficient Weight
Insufficient Weight,Insufficient Weight
Normal Weight,Normal Weight
Overweight Level Ii,Overweight Level Ii
Normal Weight,Normal Weight
Insufficient Weight,Normal Weight
Normal Weight,Normal Weight
Normal Weight,Normal Weight
Obesity Type Ii,Obesity Type Ii
Normal Weight,Normal Weight
Overweight Level I,Normal Weight
Normal Weight,Normal Weight
Overweight Level Ii,Overweight Level Ii
Obesity Type Iii,Obesity Type Iii
Normal Weight,Normal Weight
Overweight Level Ii,Overweight Level Ii
Normal Weight,Normal Weight
Overweight Level I,Normal Weight
Normal Weight,Normal Weight
Normal Weight,Normal Weight
Normal Weight,Normal Weight
Overweight Level I,Overweight Level I
Normal Weight,Overweight Level Ii
Overweight Level Ii,Overweight Level Ii
Obesity Type I,Obesity Type I
Normal Weight,Obesity Type I
Overweight Level I,Overweight Level I
Overweight Level Ii,Normal Weight
Obesity Type I,Normal Weight
Obesity Type I,Obesity Type I
Insufficient Weight,Insufficient Weight
Insufficient Weight,Insufficient Weight
Normal Weight,Normal Weight
Overweight Level Ii,Overweight Level Ii
Overweight Level I,Overweight Level I
Normal Weight,Normal Weight
Normal Weight,Normal Weight
Normal Weight,Normal Weight
Normal Weight,Normal Weight
Normal Weight,Normal Weight
Obesity Type I,Obesity Type I
Normal Weight,Normal Weight
Normal Weight,Normal Weight
Normal Weight,Normal Weight
Normal Weight,Normal Weight
Overweight Level I,Overweight Level I
Normal Weight,Normal Weight
Normal Weight,Normal Weight
Normal Weight,Normal Weight
Normal Weight,Insufficient Weight
Normal Weight,Normal Weight
Normal Weight,Normal Weight
Normal Weight,Normal Weight
Insufficient Weight,Insufficient Weight
Normal Weight,Normal Weight
Normal Weight,Normal Weight
Normal Weight,Normal Weight
Overweight Level I,Overweight Level I
Obesity Type Ii,Obesity Type Iii
Normal Weight,Overweight Level I
Normal Weight,Normal Weight
Normal Weight,Normal Weight
Normal Weight,Normal Weight
Normal Weight,Normal Weight
Normal Weight,Normal Weight
Normal Weight,Normal Weight
Normal Weight,Normal Weight
Normal Weight,Normal Weight
Normal Weight,Normal Weight
Overweight Level I,Normal Weight
Obesity Type I,Obesity Type I
Overweight Level Ii,Overweight Level Ii
Normal Weight,Normal Weight
Normal Weight,Normal Weight
Normal Weight,Normal Weight
Normal Weight,Normal Weight
Insufficient Weight,Insufficient Weight
Insufficient Weight,Insufficient Weight
Normal Weight,Normal Weight
Obesity Type I,Obesity Type I
Overweight Level Ii,Normal Weight
Normal Weight,Normal Weight
Normal Weight,Normal Weight
Overweight Level I,Overweight Level I
Overweight Level I,Overweight Level I
Normal Weight,Normal Weight
Normal Weight,Normal Weight
Normal Weight,Normal Weight
Normal Weight,Normal Weight
Normal Weight,Normal Weight
Normal Weight,Normal Weight
Overweight Level I,Normal Weight
Overweight Level Ii,Overweight Level Ii
Normal Weight,Normal Weight
Normal Weight,Normal Weight
Obesity Type I,Obesity Type I
Normal Weight,Overweight Level I
Normal Weight,Normal Weight
Overweight Level Ii,Overweight Level Ii
Normal Weight,Normal Weight
Overweight Level Ii,Overweight Level Ii
Normal Weight,Normal Weight
Normal Weight,Normal Weight
Normal Weight,Normal Weight
Normal Weight,Normal Weight
Obesity Type Iii,Obesity Type Iii
Obesity Type Iii,Obesity Type Iii
Obesity Type Iii,Obesity Type Iii
Obesity Type Iii,Obesity Type Iii
Obesity Type Iii,Obesity Type Iii
Obesity Type Iii,Obesity Type Iii
Obesity Type Iii,Obesity Type Iii
Obesity Type Iii,Obesity Type Iii
Obesity Type Iii,Obesity Type Iii
Insufficient Weight,Insufficient Weight
Insufficient Weight,Insufficient Weight
Insufficient Weight,Insufficient Weight
Insufficient Weight,Insufficient Weight
Insufficient Weight,Insufficient Weight
Insufficient Weight,Insufficient Weight
Insufficient Weight,Insufficient Weight
Obesity Type I,Insufficient Weight
Insufficient Weight,Insufficient Weight
Insufficient Weight,Insufficient Weight
Insufficient Weight,Insufficient Weight
Insufficient Weight,Insufficient Weight
Insufficient Weight,Insufficient Weight
Insufficient Weight,Insufficient Weight
Insufficient Weight,Insufficient Weight
Insufficient Weight,Insufficient Weight
Insufficient Weight,Insufficient Weight
Insufficient Weight,Insufficient Weight
Insufficient Weight,Insufficient Weight
Insufficient Weight,Insufficient Weight
Insufficient Weight,Insufficient Weight
Insufficient Weight,Insufficient Weight
Insufficient Weight,Insufficient Weight
Insufficient Weight,Insufficient Weight
Insufficient Weight,Insufficient Weight
Insufficient Weight,Insufficient Weight
Insufficient Weight,Insufficient Weight
Insufficient Weight,Normal Weight
Insufficient Weight,Insufficient Weight
Insufficient Weight,Insufficient Weight
Insufficient Weight,Insufficient Weight
Insufficient Weight,Insufficient Weight
Insufficient Weight,Insufficient Weight
Insufficient Weight,Insufficient Weight
Insufficient Weight,Insufficient Weight
Insufficient Weight,Insufficient Weight
Insufficient Weight,Insufficient Weight
Insufficient Weight,Insufficient Weight
Insufficient Weight,Insufficient Weight
Insufficient Weight,Insufficient Weight
Insufficient Weight,Insufficient Weight
Insufficient Weight,Insufficient Weight
Insufficient Weight,Insufficient Weight
Insufficient Weight,Insufficient Weight
Insufficient Weight,Insufficient Weight
Insufficient Weight,Insufficient Weight
Insufficient Weight,Insufficient Weight
Insufficient Weight,Insufficient Weight
Insufficient Weight,Insufficient Weight
Insufficient Weight,Insufficient Weight
Insufficient Weight,Insufficient Weight
Insufficient Weight,Insufficient Weight
Insufficient Weight,Insufficient Weight
Insufficient Weight,Insufficient Weight
Insufficient Weight,Insufficient Weight
Insufficient Weight,Insufficient Weight
Insufficient Weight,Insufficient Weight
Insufficient Weight,Insufficient Weight
Insufficient Weight,Insufficient Weight
Insufficient Weight,Insufficient Weight
Insufficient Weight,Insufficient Weight
Insufficient Weight,Insufficient Weight
Insufficient Weight,Insufficient Weight
Insufficient Weight,Insufficient Weight
Insufficient Weight,Insufficient Weight
Insufficient Weight,Insufficient Weight
Insufficient Weight,Insufficient Weight
Insufficient Weight,Insufficient Weight
Insufficient Weight,Normal Weight
Insufficient Weight,Insufficient Weight
Insufficient Weight,Insufficient Weight
Insufficient Weight,Insufficient Weight
Insufficient Weight,Insufficient Weight
Insufficient Weight,Insufficient Weight
Insufficient Weight,Insufficient Weight
Insufficient Weight,Insufficient Weight
Insufficient Weight,Insufficient Weight
Insufficient Weight,Insufficient Weight
Insufficient Weight,Insufficient Weight
Insufficient Weight,Insufficient Weight
Insufficient Weight,Insufficient Weight
Insufficient Weight,Insufficient Weight
Insufficient Weight,Insufficient Weight
Insufficient Weight,Insufficient Weight
Insufficient Weight,Insufficient Weight
Insufficient Weight,Insufficient Weight
Insufficient Weight,Insufficient Weight
Insufficient Weight,Insufficient Weight
Insufficient Weight,Insufficient Weight
Insufficient Weight,Insufficient Weight
Insufficient Weight,Insufficient Weight
Insufficient Weight,Normal Weight
Insufficient Weight,Insufficient Weight
Insufficient Weight,Insufficient Weight
Insufficient Weight,Insufficient Weight
Insufficient Weight,Insufficient Weight
Insufficient Weight,Insufficient Weight
Insufficient Weight,Insufficient Weight
Insufficient Weight,Insufficient Weight
Insufficient Weight,Insufficient Weight
Insufficient Weight,Insufficient Weight
Insufficient Weight,Insufficient Weight
Insufficient Weight,Insufficient Weight
Insufficient Weight,Insufficient Weight
Insufficient Weight,Insufficient Weight
Insufficient Weight,Insufficient Weight
Insufficient Weight,Insufficient Weight
Insufficient Weight,Insufficient Weight
Insufficient Weight,Insufficient Weight
Insufficient Weight,Insufficient Weight
Insufficient Weight,Insufficient Weight
Insufficient Weight,Insufficient Weight
Insufficient Weight,Insufficient Weight
Insufficient Weight,Insufficient Weight
Insufficient Weight,Insufficient Weight
Insufficient Weight,Insufficient Weight
Insufficient Weight,Insufficient Weight
Insufficient Weight,Insufficient Weight
Insufficient Weight,Insufficient Weight
Insufficient Weight,Insufficient Weight
Insufficient Weight,Insufficient Weight
Insufficient Weight,Insufficient Weight
Insufficient Weight,Insufficient Weight
Insufficient Weight,Insufficient Weight
Insufficient Weight,Insufficient Weight
Insufficient Weight,Insufficient Weight
Insufficient Weight,Insufficient Weight
Insufficient Weight,Insufficient Weight
Insufficient Weight,Insufficient Weight
Insufficient Weight,Insufficient Weight
Insufficient Weight,Insufficient Weight
Insufficient Weight,Insufficient Weight
Insufficient Weight,Insufficient Weight
Insufficient Weight,Insufficient Weight
Insufficient Weight,Insufficient Weight
Insufficient Weight,Insufficient Weight
Insufficient Weight,Insufficient Weight
Insufficient Weight,Insufficient Weight
Insufficient Weight,Insufficient Weight
Insufficient Weight,Insufficient Weight
Insufficient Weight,Insufficient Weight
Insufficient Weight,Insufficient Weight
Insufficient Weight,Insufficient Weight
Insufficient Weight,Insufficient Weight
Insufficient Weight,Insufficient Weight
Insufficient Weight,Insufficient Weight
Insufficient Weight,Insufficient Weight
Insufficient Weight,Insufficient Weight
Insufficient Weight,Insufficient Weight
Insufficient Weight,Insufficient Weight
Insufficient Weight,Insufficient Weight
Insufficient Weight,Insufficient Weight
Insufficient Weight,Insufficient Weight
Insufficient Weight,Insufficient Weight
Insufficient Weight,Insufficient Weight
Insufficient Weight,Insufficient Weight
Insufficient Weight,Insufficient Weight
Insufficient Weight,Insufficient Weight
Insufficient Weight,Insufficient Weight
Insufficient Weight,Insufficient Weight
Insufficient Weight,Insufficient Weight
Insufficient Weight,Insufficient Weight
Insufficient Weight,Insufficient Weight
Insufficient Weight,Insufficient Weight
Insufficient Weight,Insufficient Weight
Insufficient Weight,Insufficient Weight
Insufficient Weight,Insufficient Weight
Insufficient Weight,Insufficient Weight
Insufficient Weight,Insufficient Weight
Insufficient Weight,Insufficient Weight
Insufficient Weight,Insufficient Weight
Insufficient Weight,Insufficient Weight
Insufficient Weight,Insufficient Weight
Insufficient Weight,Insufficient Weight
Insufficient Weight,Insufficient Weight
Insufficient Weight,Insufficient Weight
Insufficient Weight,Insufficient Weight
Insufficient Weight,Insufficient Weight
Insufficient Weight,Insufficient Weight
Insufficient Weight,Insufficient Weight
Insufficient Weight,Insufficient Weight
Insufficient Weight,Insufficient Weight
Insufficient Weight,Insufficient Weight
Insufficient Weight,Insufficient Weight
Insufficient Weight,Insufficient Weight
Insufficient Weight,Insufficient Weight
Insufficient Weight,Insufficient Weight
Insufficient Weight,Insufficient Weight
Insufficient Weight,Insufficient Weight
Insufficient Weight,Insufficient Weight
Insufficient Weight,Insufficient Weight
Insufficient Weight,Insufficient Weight
Insufficient Weight,Insufficient Weight
Insufficient Weight,Insufficient Weight
Insufficient Weight,Insufficient Weight
Insufficient Weight,Insufficient Weight
Insufficient Weight,Insufficient Weight
Insufficient Weight,Insufficient Weight
Insufficient Weight,Insufficient Weight
Insufficient Weight,Insufficient Weight
Insufficient Weight,Insufficient Weight
Insufficient Weight,Insufficient Weight
Insufficient Weight,Insufficient Weight
Insufficient Weight,Insufficient Weight
Insufficient Weight,Insufficient Weight
Insufficient Weight,Insufficient Weight
Insufficient Weight,Insufficient Weight
Insufficient Weight,Insufficient Weight
Insufficient Weight,Insufficient Weight
Insufficient Weight,Insufficient Weight
Insufficient Weight,Insufficient Weight
Insufficient Weight,Insufficient Weight
Insufficient Weight,Insufficient Weight
Insufficient Weight,Insufficient Weight
Insufficient Weight,Insufficient Weight
Insufficient Weight,Insufficient Weight
Insufficient Weight,Insufficient Weight
Insufficient Weight,Insufficient Weight
Insufficient Weight,Insufficient Weight
Insufficient Weight,Insufficient Weight
Insufficient Weight,Insufficient Weight
Insufficient Weight,Insufficient Weight
Insufficient Weight,Insufficient Weight
Insufficient Weight,Insufficient Weight
Insufficient Weight,Insufficient Weight
Insufficient Weight,Insufficient Weight
Insufficient Weight,Insufficient Weight
Insufficient Weight,Insufficient Weight
Insufficient Weight,Insufficient Weight
Insufficient Weight,Insufficient Weight
Insufficient Weight,Insufficient Weight
Insufficient Weight,Insufficient Weight
Insufficient Weight,Insufficient Weight
Insufficient Weight,Insufficient Weight
Insufficient Weight,Insufficient Weight
Insufficient Weight,Insufficient Weight
Overweight Level I,Overweight Level I
Overweight Level I,Overweight Level I
Overweight Level I,Overweight Level I
Overweight Level I,Overweight Level I
Overweight Level I,Overweight Level I
Overweight Level I,Overweight Level Ii
Overweight Level I,Overweight Level I
Overweight Level I,Overweight Level I
Overweight Level I,Overweight Level I
Overweight Level I,Overweight Level I
Overweight Level I,Obesity Type Ii
Overweight Level I,Overweight Level I
Overweight Level I,Overweight Level I
Overweight Level I,Overweight Level I
Overweight Level I,Overweight Level I
Overweight Level I,Overweight Level I
Overweight Level I,Overweight Level I
Overweight Level I,Overweight Level I
Overweight Level I,Overweight Level I
Overweight Level I,Overweight Level I
Overweight Level I,Overweight Level I
Overweight Level I,Overweight Level I
Overweight Level I,Overweight Level I
Overweight Level I,Overweight Level I
Overweight Level I,Overweight Level I
Overweight Level I,Overweight Level I
Overweight Level I,Overweight Level I
Overweight Level I,Overweight Level I
Overweight Level I,Overweight Level I
Overweight Level I,Overweight Level I
Overweight Level I,Overweight Level I
Overweight Level I,Overweight Level I
Overweight Level I,Overweight Level I
Overweight Level I,Overweight Level I
Overweight Level I,Overweight Level I
Overweight Level I,Overweight Level I
Overweight Level I,Overweight Level I
Overweight Level I,Overweight Level I
Overweight Level I,Overweight Level I
Overweight Level I,Overweight Level I
Overweight Level I,Overweight Level I
Overweight Level I,Overweight Level Ii
Overweight Level I,Obesity Type I
Overweight Level I,Normal Weight
Overweight Level I,Overweight Level I
Overweight Level I,Overweight Level I
Overweight Level I,Overweight Level I
Overweight Level I,Overweight Level I
Overweight Level I,Overweight Level I
Overweight Level I,Overweight Level I
Overweight Level I,Overweight Level I
Overweight Level I,Overweight Level I
Overweight Level I,Overweight Level I
Overweight Level I,Overweight Level I
Overweight Level I,Overweight Level I
Overweight Level I,Overweight Level I
Overweight Level I,Overweight Level I
Overweight Level I,Overweight Level I
Overweight Level I,Overweight Level I
Overweight Level I,Overweight Level I
Overweight Level I,Overweight Level I
Overweight Level I,Overweight Level I
Overweight Level I,Overweight Level I
Overweight Level I,Overweight Level I
Overweight Level I,Overweight Level Ii
Overweight Level I,Overweight Level I
Overweight Level I,Overweight Level I
Overweight Level I,Overweight Level Ii
Overweight Level I,Overweight Level Ii
Overweight Level I,Overweight Level Ii
Overweight Level I,Overweight Level Ii
Overweight Level I,Overweight Level I
Overweight Level I,Overweight Level I
Overweight Level I,Overweight Level I
Overweight Level I,Overweight Level I
Overweight Level I,Overweight Level I
Overweight Level I,Overweight Level I
Overweight Level I,Overweight Level I
Overweight Level I,Overweight Level I
Overweight Level I,Overweight Level I
Overweight Level I,Overweight Level I
Overweight Level I,Overweight Level I
Overweight Level I,Overweight Level I
Overweight Level I,Overweight Level I
Overweight Level I,Overweight Level I
Overweight Level I,Overweight Level I
Overweight Level I,Overweight Level I
Overweight Level I,Overweight Level I
Overweight Level I,Overweight Level I
Overweight Level I,Overweight Level I
Overweight Level I,Overweight Level I
Overweight Level I,Overweight Level I
Overweight Level I,Overweight Level I
Overweight Level I,Overweight Level I
Overweight Level I,Overweight Level I
Overweight Level I,Overweight Level I
Overweight Level I,Overweight Level I
Overweight Level I,Overweight Level I
Overweight Level I,Overweight Level I
Overweight Level I,Overweight Level I
Overweight Level I,Overweight Level I
Overweight Level I,Overweight Level I
Overweight Level I,Overweight Level I
Overweight Level I,Overweight Level I
Overweight Level I,Overweight Level Ii
Overweight Level I,Overweight Level Ii
Overweight Level I,Overweight Level I
Overweight Level I,Overweight Level I
Overweight Level I,Overweight Level I
Overweight Level I,Overweight Level I
Overweight Level I,Overweight Level I
Overweight Level I,Overweight Level I
Overweight Level I,Overweight Level I
Overweight Level I,Overweight Level I
Overweight Level I,Overweight Level I
Overweight Level I,Overweight Level I
Overweight Level I,Overweight Level I
Overweight Level I,Overweight Level I
Overweight Level I,Overweight Level I
Overweight Level I,Overweight Level I
Overweight Level I,Overweight Level I
Overweight Level I,Overweight Level I
Overweight Level I,Overweight Level I
Overweight Level I,Overweight Level I
Overweight Level I,Overweight Level I
Overweight Level I,Overweight Level I
Overweight Level I,Overweight Level I
Overweight Level I,Overweight Level I
Overweight Level I,Overweight Level I
Overweight Level I,Overweight Level I
Overweight Level I,Overweight Level I
Overweight Level I,Overweight Level I
Overweight Level I,Overweight Level I
Overweight Level I,Overweight Level I
Overweight Level I,Overweight Level I
Overweight Level I,Overweight Level I
Overweight Level I,Overweight Level I
Overweight Level I,Overweight Level I
Overweight Level I,Overweight Level I
Overweight Level I,Overweight Level I
Overweight Level I,Overweight Level I
Overweight Level I,Overweight Level I
Overweight Level I,Overweight Level I
Overweight Level I,Overweight Level I
Overweight Level I,Overweight Level I
Overweight Level I,Overweight Level I
Overweight Level I,Overweight Level I
Overweight Level I,Overweight Level I
Overweight Level I,Overweight Level I
Overweight Level I,Overweight Level I
Overweight Level I,Overweight Level I
Overweight Level I,Overweight Level I
Overweight Level I,Overweight Level I
Overweight Level I,Overweight Level I
Overweight Level I,Overweight Level I
Overweight Level I,Overweight Level I
Overweight Level I,Overweight Level I
Overweight Level I,Overweight Level I
Overweight Level I,Overweight Level I
Overweight Level I,Overweight Level I
Overweight Level I,Overweight Level I
Overweight Level I,Overweight Level I
Overweight Level I,Overweight Level I
Overweight Level I,Overweight Level I
Overweight Level I,Overweight Level I
Overweight Level I,Overweight Level I
Overweight Level I,Overweight Level I
Overweight Level I,Overweight Level I
Overweight Level I,Overweight Level I
Overweight Level I,Overweight Level I
Overweight Level I,Overweight Level I
Overweight Level I,Overweight Level I
Overweight Level I,Overweight Level I
Overweight Level I,Overweight Level I
Overweight Level I,Overweight Level I
Overweight Level I,Overweight Level I
Overweight Level I,Overweight Level I
Overweight Level I,Overweight Level I
Overweight Level I,Overweight Level I
Overweight Level I,Overweight Level I
Overweight Level I,Overweight Level I
Overweight Level I,Overweight Level I
Overweight Level I,Overweight Level I
Overweight Level I,Overweight Level I
Overweight Level I,Overweight Level I
Overweight Level I,Overweight Level I
Overweight Level I,Overweight Level I
Overweight Level I,Overweight Level I
Overweight Level I,Overweight Level I
Overweight Level I,Overweight Level Ii
Overweight Level I,Overweight Level I
Overweight Level I,Overweight Level I
Overweight Level I,Overweight Level I
Overweight Level I,Obesity Type I
Overweight Level I,Overweight Level I
Overweight Level I,Overweight Level I
Overweight Level I,Overweight Level I
Overweight Level I,Overweight Level I
Overweight Level I,Overweight Level I
Overweight Level I,Overweight Level I
Overweight Level I,Overweight Level I
Overweight Level I,Overweight Level I
Overweight Level I,Overweight Level I
Overweight Level I,Overweight Level I
Overweight Level I,Overweight Level I
Overweight Level I,Overweight Level I
Overweight Level I,Obesity Type I
Overweight Level I,Overweight Level I
Overweight Level I,Overweight Level I
Overweight Level I,Overweight Level I
Overweight Level I,Overweight Level I
Overweight Level I,Overweight Level I
Overweight Level I,Overweight Level I
Overweight Level I,Overweight Level I
Overweight Level I,Overweight Level I
Overweight Level I,Overweight Level I
Overweight Level I,Overweight Level I
Overweight Level I,Overweight Level I
Overweight Level I,Overweight Level I
Overweight Level I,Overweight Level I
Overweight Level I,Overweight Level I
Overweight Level I,Overweight Level I
Overweight Level Ii,Overweight Level Ii
Overweight Level Ii,Overweight Level Ii
Overweight Level Ii,Overweight Level Ii
Overweight Level Ii,Overweight Level Ii
Overweight Level Ii,Obesity Type I
Overweight Level Ii,Overweight Level Ii
Overweight Level Ii,Obesity Type I
Obesity Type I,Overweight Level Ii
Overweight Level Ii,Overweight Level Ii
Overweight Level Ii,Overweight Level Ii
Overweight Level Ii,Overweight Level Ii
Overweight Level Ii,Overweight Level Ii
Overweight Level Ii,Overweight Level Ii
Overweight Level Ii,Overweight Level Ii
Overweight Level Ii,Overweight Level Ii
Overweight Level Ii,Overweight Level Ii
Overweight Level Ii,Overweight Level Ii
Overweight Level Ii,Overweight Level Ii
Overweight Level Ii,Overweight Level Ii
Overweight Level Ii,Overweight Level Ii
Overweight Level Ii,Overweight Level Ii
Overweight Level Ii,Overweight Level Ii
Overweight Level Ii,Overweight Level I
Overweight Level Ii,Overweight Level Ii
Overweight Level Ii,Overweight Level Ii
Overweight Level Ii,Overweight Level Ii
Overweight Level Ii,Overweight Level Ii
Overweight Level Ii,Overweight Level Ii
Overweight Level Ii,Overweight Level I
Overweight Level Ii,Obesity Type I
Overweight Level Ii,Overweight Level Ii
Overweight Level Ii,Overweight Level Ii
Overweight Level Ii,Overweight Level Ii
Overweight Level Ii,Overweight Level Ii
Overweight Level Ii,Overweight Level Ii
Overweight Level Ii,Overweight Level Ii
Overweight Level Ii,Normal Weight
Overweight Level Ii,Overweight Level Ii
Overweight Level Ii,Overweight Level Ii
Overweight Level Ii,Overweight Level Ii
Overweight Level Ii,Overweight Level Ii
Overweight Level Ii,Overweight Level Ii
Overweight Level Ii,Overweight Level Ii
Overweight Level Ii,Overweight Level Ii
Overweight Level Ii,Overweight Level Ii
Overweight Level Ii,Overweight Level Ii
Overweight Level Ii,Overweight Level Ii
Overweight Level Ii,Overweight Level Ii
Overweight Level Ii,Overweight Level Ii
Overweight Level Ii,Overweight Level Ii
Overweight Level Ii,Overweight Level Ii
Overweight Level Ii,Overweight Level Ii
Overweight Level Ii,Overweight Level Ii
Overweight Level Ii,Overweight Level Ii
Overweight Level Ii,Overweight Level Ii
Overweight Level Ii,Overweight Level Ii
Overweight Level Ii,Overweight Level Ii
Overweight Level Ii,Overweight Level Ii
Overweight Level Ii,Overweight Level Ii
Overweight Level Ii,Overweight Level Ii
Overweight Level Ii,Overweight Level Ii
Overweight Level Ii,Overweight Level Ii
Overweight Level Ii,Obesity Type I
Overweight Level Ii,Overweight Level Ii
Overweight Level Ii,Overweight Level Ii
Overweight Level Ii,Overweight Level Ii
Overweight Level Ii,Overweight Level Ii
Overweight Level Ii,Overweight Level Ii
Overweight Level Ii,Overweight Level Ii
Overweight Level Ii,Overweight Level Ii
Overweight Level Ii,Overweight Level Ii
Overweight Level Ii,Overweight Level Ii
Overweight Level Ii,Overweight Level Ii
Overweight Level Ii,Overweight Level Ii
Obesity Type I,Overweight Level Ii
Overweight Level Ii,Overweight Level Ii
Overweight Level Ii,Overweight Level Ii
Overweight Level Ii,Overweight Level Ii
Overweight Level Ii,Overweight Level Ii
Overweight Level Ii,Overweight Level Ii
Overweight Level Ii,Overweight Level Ii
Overweight Level Ii,Overweight Level Ii
Overweight Level Ii,Overweight Level Ii
Overweight Level Ii,Overweight Level Ii
Overweight Level Ii,Overweight Level Ii
Overweight Level Ii,Overweight Level Ii
Overweight Level Ii,Overweight Level Ii
Overweight Level Ii,Overweight Level Ii
Overweight Level Ii,Overweight Level Ii
Overweight Level Ii,Obesity Type I
Overweight Level Ii,Overweight Level Ii
Overweight Level Ii,Overweight Level Ii
Overweight Level Ii,Overweight Level Ii
Overweight Level Ii,Overweight Level Ii
Overweight Level Ii,Overweight Level Ii
Overweight Level Ii,Overweight Level I
Overweight Level Ii,Overweight Level Ii
Overweight Level Ii,Overweight Level Ii
Overweight Level Ii,Overweight Level Ii
Overweight Level Ii,Overweight Level Ii
Overweight Level Ii,Obesity Type I
Obesity Type I,Overweight Level Ii
Overweight Level Ii,Overweight Level Ii
Overweight Level Ii,Overweight Level Ii
Overweight Level Ii,Overweight Level Ii
Overweight Level Ii,Overweight Level Ii
Overweight Level Ii,Overweight Level Ii
Overweight Level Ii,Overweight Level Ii
Overweight Level Ii,Overweight Level Ii
Overweight Level Ii,Overweight Level Ii
Overweight Level Ii,Overweight Level Ii
Overweight Level Ii,Overweight Level Ii
Overweight Level Ii,Overweight Level Ii
Overweight Level Ii,Overweight Level Ii
Overweight Level Ii,Overweight Level Ii
Overweight Level Ii,Overweight Level Ii
Overweight Level Ii,Overweight Level Ii
Overweight Level Ii,Normal Weight
Overweight Level Ii,Overweight Level Ii
Overweight Level Ii,Overweight Level Ii
Overweight Level Ii,Overweight Level Ii
Overweight Level Ii,Overweight Level Ii
Overweight Level Ii,Overweight Level Ii
Overweight Level Ii,Overweight Level Ii
Overweight Level Ii,Overweight Level Ii
Overweight Level Ii,Overweight Level Ii
Overweight Level Ii,Overweight Level Ii
Overweight Level Ii,Overweight Level Ii
Overweight Level Ii,Overweight Level Ii
Overweight Level Ii,Overweight Level Ii
Overweight Level Ii,Overweight Level Ii
Overweight Level Ii,Overweight Level Ii
Overweight Level Ii,Overweight Level Ii
Overweight Level Ii,Overweight Level Ii
Overweight Level Ii,Overweight Level Ii
Overweight Level Ii,Overweight Level Ii
Overweight Level Ii,Overweight Level Ii
Overweight Level Ii,Overweight Level Ii
Overweight Level Ii,Overweight Level Ii
Overweight Level Ii,Overweight Level Ii
Overweight Level Ii,Overweight Level Ii
Overweight Level Ii,Overweight Level Ii
Overweight Level Ii,Overweight Level Ii
Overweight Level Ii,Overweight Level Ii
Overweight Level Ii,Overweight Level Ii
Overweight Level Ii,Overweight Level Ii
Overweight Level Ii,Overweight Level Ii
Overweight Level Ii,Normal Weight
Overweight Level Ii,Overweight Level Ii
Overweight Level Ii,Overweight Level Ii
Overweight Level Ii,Overweight Level Ii
Overweight Level Ii,Overweight Level Ii
Overweight Level Ii,Overweight Level Ii
Overweight Level Ii,Overweight Level Ii
Overweight Level Ii,Overweight Level Ii
Overweight Level Ii,Overweight Level Ii
Overweight Level Ii,Overweight Level Ii
Overweight Level Ii,Overweight Level Ii
Overweight Level Ii,Overweight Level Ii
Overweight Level Ii,Overweight Level Ii
Overweight Level Ii,Overweight Level Ii
Overweight Level Ii,Overweight Level Ii
Overweight Level Ii,Overweight Level Ii
Overweight Level Ii,Overweight Level Ii
Overweight Level Ii,Overweight Level Ii
Overweight Level Ii,Obesity Type I
Overweight Level Ii,Overweight Level Ii
Overweight Level Ii,Overweight Level Ii
Overweight Level Ii,Overweight Level Ii
Overweight Level Ii,Overweight Level Ii
Overweight Level Ii,Overweight Level Ii
Overweight Level Ii,Overweight Level Ii
Overweight Level Ii,Overweight Level Ii
Overweight Level Ii,Overweight Level Ii
Overweight Level Ii,Overweight Level Ii
Overweight Level Ii,Overweight Level Ii
Overweight Level Ii,Overweight Level Ii
Overweight Level Ii,Overweight Level Ii
Overweight Level Ii,Overweight Level Ii
Overweight Level Ii,Overweight Level Ii
Overweight Level Ii,Overweight Level Ii
Overweight Level Ii,Overweight Level Ii
Overweight Level Ii,Overweight Level Ii
Overweight Level Ii,Overweight Level Ii
Overweight Level Ii,Overweight Level Ii
Overweight Level Ii,Overweight Level Ii
Overweight Level Ii,Overweight Level Ii
Overweight Level Ii,Overweight Level Ii
Overweight Level Ii,Overweight Level Ii
Overweight Level Ii,Overweight Level Ii
Overweight Level Ii,Overweight Level Ii
Obesity Type I,Obesity Type I
Overweight Level Ii,Overweight Level Ii
Overweight Level Ii,Overweight Level Ii
Overweight Level Ii,Overweight Level Ii
Overweight Level Ii,Overweight Level Ii
Overweight Level Ii,Obesity Type I
Overweight Level Ii,Overweight Level Ii
Overweight Level Ii,Overweight Level Ii
Overweight Level Ii,Overweight Level Ii
Overweight Level Ii,Obesity Type Iii
Overweight Level Ii,Overweight Level Ii
Overweight Level Ii,Overweight Level Ii
Overweight Level Ii,Overweight Level Ii
Overweight Level Ii,Overweight Level Ii
Overweight Level Ii,Overweight Level Ii
Overweight Level Ii,Overweight Level Ii
Overweight Level Ii,Obesity Type I
Overweight Level Ii,Overweight Level Ii
Overweight Level Ii,Overweight Level Ii
Overweight Level Ii,Overweight Level Ii
Overweight Level Ii,Overweight Level Ii
Overweight Level Ii,Overweight Level Ii
Overweight Level Ii,Overweight Level Ii
Overweight Level Ii,Overweight Level Ii
Overweight Level Ii,Overweight Level Ii
Overweight Level Ii,Overweight Level Ii
Overweight Level Ii,Overweight Level Ii
Overweight Level Ii,Overweight Level Ii
Overweight Level Ii,Overweight Level Ii
Overweight Level Ii,Overweight Level Ii
Overweight Level Ii,Overweight Level Ii
Overweight Level Ii,Overweight Level Ii
Overweight Level Ii,Overweight Level Ii
Overweight Level Ii,Overweight Level Ii
Overweight Level Ii,Overweight Level Ii
Overweight Level Ii,Overweight Level Ii
Overweight Level Ii,Overweight Level Ii
Overweight Level Ii,Overweight Level Ii
Overweight Level Ii,Overweight Level Ii
Overweight Level Ii,Overweight Level Ii
Overweight Level Ii,Overweight Level Ii
Obesity Type I,Obesity Type I
Obesity Type I,Overweight Level Ii
Obesity Type I,Obesity Type I
Obesity Type I,Obesity Type I
Obesity Type I,Obesity Type I
Obesity Type I,Obesity Type I
Obesity Type I,Obesity Type I
Obesity Type I,Obesity Type I
Obesity Type I,Obesity Type I
Obesity Type I,Obesity Type I
Obesity Type I,Obesity Type I
Obesity Type I,Obesity Type I
Obesity Type I,Obesity Type I
Obesity Type I,Overweight Level I
Obesity Type I,Obesity Type I
Obesity Type I,Obesity Type I
Obesity Type I,Obesity Type I
Obesity Type I,Obesity Type I
Obesity Type I,Obesity Type I
Obesity Type I,Obesity Type I
Obesity Type I,Obesity Type I
Obesity Type I,Obesity Type I
Obesity Type I,Obesity Type I
Obesity Type I,Obesity Type I
Obesity Type I,Obesity Type I
Obesity Type I,Overweight Level Ii
Obesity Type I,Obesity Type I
Obesity Type I,Obesity Type I
Obesity Type I,Obesity Type I
Obesity Type I,Obesity Type I
Obesity Type I,Obesity Type I
Obesity Type I,Obesity Type I
Obesity Type I,Obesity Type I
Obesity Type I,Obesity Type I
Obesity Type I,Obesity Type I
Obesity Type I,Obesity Type I
Obesity Type I,Obesity Type I
Obesity Type I,Obesity Type I
Obesity Type I,Obesity Type I
Obesity Type I,Obesity Type I
Obesity Type I,Obesity Type I
Obesity Type I,Obesity Type I
Obesity Type I,Obesity Type I
Obesity Type I,Obesity Type I
Obesity Type I,Obesity Type I
Obesity Type I,Obesity Type I
Obesity Type I,Obesity Type I
Obesity Type I,Obesity Type I
Obesity Type I,Obesity Type I
Obesity Type I,Obesity Type I
Obesity Type I,Obesity Type I
Obesity Type I,Obesity Type I
Obesity Type I,Obesity Type I
Obesity Type I,Obesity Type I
Obesity Type I,Obesity Type I
Obesity Type I,Obesity Type I
Obesity Type I,Obesity Type I
Obesity Type I,Obesity Type I
Obesity Type I,Obesity Type I
Obesity Type I,Obesity Type I
Obesity Type I,Obesity Type I
Obesity Type I,Obesity Type I
Obesity Type I,Obesity Type I
Obesity Type I,Obesity Type I
Obesity Type I,Obesity Type I
Obesity Type I,Obesity Type I
Obesity Type I,Obesity Type I
Obesity Type I,Obesity Type I
Obesity Type I,Obesity Type I
Obesity Type I,Obesity Type I
Obesity Type I,Obesity Type I
Obesity Type I,Obesity Type I
Obesity Type I,Obesity Type I
Obesity Type I,Obesity Type I
Obesity Type I,Obesity Type I
Obesity Type I,Obesity Type I
Obesity Type I,Obesity Type I
Obesity Type I,Obesity Type I
Obesity Type I,Obesity Type I
Obesity Type I,Overweight Level I
Obesity Type I,Obesity Type I
Obesity Type I,Obesity Type I
Obesity Type I,Obesity Type I
Obesity Type I,Obesity Type I
Obesity Type I,Obesity Type I
Obesity Type I,Obesity Type I
Obesity Type I,Obesity Type I
Obesity Type I,Obesity Type I
Obesity Type I,Obesity Type I
Obesity Type I,Obesity Type I
Obesity Type I,Obesity Type I
Obesity Type I,Obesity Type I
Obesity Type I,Obesity Type I
Obesity Type I,Obesity Type I
Obesity Type I,Obesity Type I
Obesity Type I,Obesity Type I
Obesity Type I,Obesity Type I
Obesity Type I,Obesity Type I
Obesity Type I,Obesity Type I
Obesity Type I,Obesity Type I
Obesity Type I,Obesity Type I
Obesity Type I,Obesity Type I
Obesity Type I,Obesity Type I
Obesity Type I,Obesity Type I
Obesity Type I,Obesity Type I
Obesity Type I,Obesity Type I
Obesity Type I,Obesity Type I
Obesity Type I,Obesity Type I
Obesity Type I,Obesity Type I
Obesity Type I,Obesity Type I
Obesity Type I,Obesity Type I
Obesity Type I,Obesity Type I
Obesity Type I,Obesity Type I
Obesity Type I,Obesity Type I
Obesity Type I,Obesity Type I
Obesity Type I,Obesity Type I
Obesity Type I,Obesity Type I
Obesity Type I,Obesity Type I
Obesity Type I,Obesity Type I
Obesity Type I,Obesity Type I
Obesity Type I,Obesity Type I
Obesity Type I,Obesity Type I
Obesity Type I,Obesity Type I
Obesity Type I,Obesity Type I
Obesity Type I,Obesity Type I
Obesity Type I,Obesity Type I
Obesity Type I,Obesity Type I
Obesity Type I,Obesity Type I
Obesity Type I,Obesity Type I
Obesity Type I,Obesity Type I
Obesity Type I,Obesity Type I
Obesity Type I,Obesity Type I
Obesity Type I,Obesity Type I
Obesity Type I,Obesity Type I
Obesity Type I,Obesity Type I
Obesity Type I,Obesity Type I
Obesity Type I,Obesity Type I
Obesity Type I,Obesity Type I
Obesity Type I,Obesity Type I
Obesity Type I,Obesity Type I
Obesity Type I,Obesity Type I
Obesity Type I,Obesity Type I
Obesity Type I,Obesity Type I
Obesity Type I,Obesity Type I
Obesity Type I,Obesity Type I
Obesity Type I,Obesity Type I
Obesity Type I,Obesity Type I
Obesity Type I,Obesity Type I
Obesity Type I,Obesity Type I
Obesity Type I,Obesity Type I
Obesity Type I,Obesity Type I
Obesity Type I,Obesity Type I
Obesity Type I,Obesity Type I
Obesity Type I,Obesity Type I
Obesity Type I,Obesity Type I
Obesity Type I,Obesity Type I
Obesity Type I,Obesity Type I
Obesity Type I,Obesity Type I
Obesity Type I,Obesity Type I
Obesity Type I,Obesity Type I
Obesity Type I,Obesity Type I
Obesity Type I,Obesity Type I
Obesity Type I,Obesity Type I
Obesity Type I,Obesity Type I
Obesity Type I,Obesity Type I
Obesity Type I,Obesity Type I
Obesity Type I,Obesity Type I
Obesity Type I,Obesity Type I
Obesity Type I,Obesity Type I
Obesity Type I,Obesity Type I
Obesity Type I,Obesity Type I
Obesity Type I,Obesity Type I
Obesity Type I,Obesity Type I
Obesity Type I,Obesity Type I
Obesity Type I,Obesity Type I
Obesity Type I,Obesity Type I
Obesity Type I,Obesity Type I
Obesity Type I,Obesity Type I
Obesity Type I,Obesity Type I
Obesity Type I,Obesity Type I
Obesity Type I,Obesity Type I
Obesity Type I,Obesity Type I
Obesity Type I,Obesity Type I
Obesity Type I,Obesity Type I
Obesity Type I,Obesity Type I
Obesity Type I,Obesity Type I
Obesity Type I,Obesity Type I
Obesity Type I,Obesity Type I
Obesity Type I,Obesity Type I
Obesity Type I,Obesity Type I
Obesity Type I,Obesity Type I
Obesity Type I,Obesity Type I
Obesity Type I,Obesity Type I
Obesity Type I,Obesity Type I
Obesity Type I,Obesity Type I
Obesity Type I,Obesity Type I
Obesity Type I,Obesity Type I
Obesity Type I,Obesity Type I
Obesity Type I,Obesity Type I
Obesity Type I,Obesity Type I
Obesity Type I,Obesity Type I
Obesity Type I,Obesity Type I
Obesity Type I,Obesity Type I
Obesity Type I,Obesity Type Ii
Obesity Type I,Obesity Type I
Obesity Type I,Obesity Type I
Obesity Type I,Obesity Type I
Obesity Type I,Obesity Type I
Obesity Type I,Obesity Type I
Obesity Type I,Obesity Type I
Obesity Type I,Obesity Type I
Obesity Type I,Obesity Type I
Obesity Type I,Obesity Type I
Obesity Type I,Obesity Type I
Obesity Type I,Obesity Type I
Obesity Type I,Obesity Type I
Obesity Type I,Obesity Type I
Obesity Type I,Obesity Type I
Obesity Type I,Obesity Type I
Obesity Type I,Obesity Type I
Obesity Type I,Obesity Type I
Obesity Type I,Obesity Type I
Obesity Type I,Obesity Type I
Obesity Type I,Obesity Type I
Obesity Type I,Obesity Type Iii
Obesity Type I,Obesity Type I
Obesity Type I,Obesity Type I
Obesity Type I,Obesity Type I
Obesity Type I,Obesity Type I
Obesity Type I,Obesity Type I
Obesity Type I,Obesity Type I
Obesity Type I,Obesity Type I
Obesity Type I,Obesity Type I
Obesity Type I,Obesity Type I
Obesity Type I,Obesity Type I
Obesity Type I,Obesity Type I
Obesity Type I,Obesity Type I
Obesity Type I,Obesity Type I
Obesity Type I,Obesity Type I
Obesity Type I,Obesity Type I
Obesity Type I,Obesity Type I
Obesity Type I,Obesity Type I
Obesity Type I,Obesity Type I
Obesity Type I,Obesity Type I
Obesity Type I,Obesity Type I
Obesity Type I,Obesity Type I
Obesity Type I,Obesity Type I
Obesity Type I,Obesity Type I
Obesity Type I,Obesity Type I
Obesity Type I,Obesity Type I
Obesity Type I,Obesity Type I
Obesity Type I,Obesity Type I
Obesity Type I,Obesity Type I
Obesity Type I,Obesity Type I
Obesity Type I,Obesity Type I
Obesity Type I,Obesity Type I
Obesity Type I,Obesity Type I
Obesity Type I,Obesity Type I
Obesity Type I,Obesity Type I
Obesity Type I,Obesity Type I
Obesity Type I,Obesity Type I
Obesity Type I,Obesity Type I
Obesity Type I,Obesity Type I
Obesity Type I,Obesity Type I
Obesity Type I,Obesity Type I
Obesity Type I,Obesity Type I
Obesity Type I,Obesity Type I
Obesity Type I,Obesity Type I
Obesity Type I,Obesity Type I
Obesity Type I,Obesity Type I
Obesity Type I,Obesity Type I
Obesity Type I,Obesity Type I
Obesity Type I,Obesity Type I
Obesity Type I,Obesity Type I
Obesity Type I,Obesity Type I
Obesity Type I,Obesity Type I
Obesity Type I,Obesity Type I
Obesity Type I,Obesity Type I
Obesity Type I,Obesity Type I
Obesity Type I,Obesity Type I
Obesity Type I,Obesity Type I
Obesity Type I,Obesity Type I
Obesity Type I,Obesity Type I
Obesity Type I,Obesity Type I
Obesity Type I,Obesity Type I
Obesity Type I,Obesity Type I
Obesity Type I,Obesity Type I
Obesity Type I,Obesity Type I
Obesity Type I,Obesity Type I
Obesity Type I,Obesity Type I
Obesity Type I,Obesity Type I
Obesity Type I,Obesity Type I
Obesity Type I,Overweight Level Ii
Obesity Type I,Obesity Type I
Obesity Type I,Obesity Type Iii
Obesity Type I,Obesity Type I
Obesity Type I,Obesity Type I
Obesity Type I,Obesity Type I
Obesity Type I,Obesity Type I
Obesity Type I,Obesity Type I
Obesity Type I,Obesity Type I
Obesity Type I,Obesity Type I
Obesity Type I,Obesity Type I
Obesity Type I,Obesity Type I
Obesity Type Ii,Obesity Type Ii
Obesity Type Ii,Obesity Type Ii
Obesity Type Ii,Obesity Type Ii
Obesity Type Ii,Overweight Level Ii
Obesity Type Ii,Obesity Type Ii
Obesity Type Ii,Obesity Type Ii
Obesity Type Ii,Obesity Type Ii
Obesity Type Ii,Obesity Type Ii
Obesity Type Ii,Obesity Type Ii
Obesity Type Ii,Obesity Type Ii
Obesity Type Ii,Obesity Type Ii
Obesity Type Ii,Obesity Type Ii
Obesity Type Ii,Obesity Type Ii
Obesity Type Ii,Obesity Type Ii
Obesity Type Ii,Obesity Type Ii
Obesity Type Ii,Obesity Type Ii
Obesity Type Ii,Obesity Type Ii
Obesity Type Ii,Obesity Type Ii
Obesity Type Ii,Obesity Type Ii
Obesity Type Ii,Obesity Type Ii
Obesity Type Ii,Obesity Type Ii
Obesity Type Ii,Obesity Type Ii
Obesity Type Ii,Obesity Type Ii
Obesity Type Ii,Obesity Type Ii
Obesity Type Ii,Obesity Type Ii
Obesity Type Ii,Obesity Type Ii
Obesity Type Ii,Obesity Type Ii
Obesity Type Ii,Obesity Type Ii
Obesity Type Ii,Obesity Type Ii
Obesity Type Ii,Obesity Type Ii
Obesity Type Ii,Overweight Level Ii
Obesity Type Ii,Obesity Type Ii
Obesity Type Ii,Obesity Type Ii
Obesity Type Ii,Obesity Type Ii
Obesity Type Ii,Obesity Type Ii
Obesity Type Ii,Obesity Type Ii
Obesity Type Ii,Obesity Type Ii
Obesity Type Ii,Obesity Type Ii
Obesity Type Ii,Obesity Type Ii
Obesity Type Ii,Obesity Type Ii
Obesity Type Ii,Obesity Type Ii
Obesity Type Ii,Obesity Type Ii
Obesity Type Ii,Obesity Type Ii
Obesity Type Ii,Obesity Type Ii
Obesity Type Ii,Obesity Type Ii
Obesity Type Ii,Obesity Type Ii
Obesity Type Ii,Obesity Type Ii
Obesity Type Ii,Obesity Type Ii
Obesity Type Ii,Obesity Type Ii
Obesity Type Ii,Obesity Type Ii
Obesity Type Ii,Obesity Type Ii
Obesity Type Ii,Obesity Type Ii
Obesity Type I,Obesity Type Ii
Obesity Type Ii,Obesity Type Ii
Obesity Type Ii,Obesity Type I
Obesity Type Ii,Obesity Type Ii
Obesity Type Ii,Obesity Type Ii
Obesity Type Ii,Obesity Type Ii
Obesity Type Ii,Obesity Type Ii
Obesity Type I,Obesity Type Ii
Obesity Type Ii,Obesity Type Ii
Obesity Type Ii,Obesity Type Ii
Obesity Type Ii,Obesity Type I
Obesity Type Ii,Obesity Type Ii
Obesity Type Ii,Obesity Type Ii
Obesity Type Ii,Obesity Type Ii
Obesity Type Ii,Obesity Type Ii
Obesity Type Ii,Obesity Type Ii
Obesity Type Ii,Obesity Type I
Obesity Type Ii,Obesity Type Ii
Obesity Type Ii,Obesity Type Ii
Obesity Type Ii,Obesity Type Ii
Obesity Type Ii,Obesity Type Ii
Obesity Type Ii,Obesity Type I
Obesity Type Ii,Obesity Type Ii
Obesity Type Ii,Obesity Type Ii
Obesity Type Ii,Obesity Type Ii
Obesity Type Ii,Obesity Type Ii
Obesity Type Ii,Obesity Type Ii
Obesity Type Ii,Obesity Type Ii
Obesity Type Ii,Obesity Type Ii
Obesity Type Ii,Obesity Type Ii
Obesity Type Ii,Obesity Type Ii
Obesity Type Ii,Obesity Type Ii
Obesity Type Ii,Obesity Type Ii
Obesity Type Ii,Obesity Type Ii
Obesity Type Ii,Obesity Type Ii
Obesity Type Ii,Obesity Type Ii
Obesity Type Ii,Obesity Type Ii
Obesity Type Ii,Obesity Type Ii
Obesity Type Ii,Obesity Type Ii
Obesity Type Ii,Obesity Type Ii
Obesity Type Ii,Obesity Type Ii
Obesity Type Ii,Obesity Type Ii
Obesity Type Ii,Obesity Type Ii
Obesity Type Ii,Obesity Type Ii
Obesity Type Ii,Obesity Type Ii
Obesity Type Ii,Obesity Type Ii
Obesity Type Ii,Obesity Type Ii
Obesity Type Ii,Obesity Type Ii
Obesity Type Ii,Obesity Type Ii
Obesity Type Ii,Obesity Type Ii
Obesity Type Ii,Obesity Type Ii
Obesity Type Ii,Obesity Type Ii
Obesity Type Ii,Obesity Type Ii
Obesity Type Ii,Obesity Type Ii
Obesity Type Ii,Obesity Type Ii
Obesity Type Ii,Obesity Type Ii
Obesity Type Ii,Obesity Type Ii
Obesity Type Ii,Obesity Type Ii
Obesity Type Ii,Obesity Type Ii
Obesity Type Ii,Obesity Type Ii
Obesity Type Ii,Obesity Type Ii
Obesity Type Ii,Obesity Type Ii
Obesity Type Ii,Obesity Type Ii
Obesity Type Ii,Obesity Type Ii
Obesity Type Ii,Obesity Type Ii
Obesity Type Ii,Obesity Type Ii
Obesity Type Ii,Obesity Type Ii
Obesity Type Ii,Obesity Type Ii
Obesity Type Ii,Obesity Type Ii
Obesity Type Ii,Obesity Type Ii
Obesity Type Ii,Obesity Type Ii
Obesity Type Ii,Obesity Type Ii
Obesity Type Ii,Obesity Type Ii
Obesity Type Ii,Obesity Type Ii
Obesity Type Ii,Obesity Type Ii
Obesity Type Ii,Obesity Type Ii
Obesity Type Ii,Obesity Type Ii
Obesity Type Ii,Obesity Type Ii
Obesity Type Ii,Obesity Type Ii
Obesity Type Ii,Obesity Type Ii
Obesity Type Ii,Obesity Type Ii
Obesity Type Ii,Obesity Type Ii
Obesity Type Ii,Obesity Type Ii
Obesity Type Ii,Obesity Type Ii
Obesity Type Ii,Obesity Type Ii
Obesity Type Ii,Obesity Type Ii
Obesity Type Ii,Obesity Type Ii
Obesity Type Ii,Obesity Type Ii
Obesity Type Ii,Obesity Type Ii
Obesity Type Ii,Obesity Type Ii
Obesity Type Ii,Obesity Type Ii
Obesity Type Ii,Obesity Type Ii
Obesity Type Ii,Obesity Type Ii
Obesity Type Ii,Obesity Type Ii
Obesity Type Ii,Obesity Type Ii
Obesity Type Ii,Obesity Type Ii
Obesity Type Ii,Obesity Type Ii
Obesity Type Ii,Overweight Level Ii
Obesity Type Ii,Obesity Type Ii
Obesity Type Ii,Obesity Type Ii
Obesity Type Ii,Obesity Type Ii
Obesity Type Ii,Obesity Type Ii
Obesity Type Ii,Obesity Type Ii
Obesity Type Ii,Obesity Type Ii
Obesity Type Ii,Obesity Type Ii
Obesity Type Ii,Obesity Type Ii
Obesity Type Ii,Obesity Type Ii
Obesity Type Ii,Obesity Type Ii
Obesity Type Ii,Obesity Type Ii
Obesity Type Ii,Obesity Type Ii
Obesity Type Ii,Obesity Type Ii
Obesity Type Ii,Obesity Type Ii
Obesity Type Ii,Obesity Type Ii
Obesity Type Ii,Obesity Type Ii
Obesity Type Ii,Obesity Type Ii
Obesity Type Ii,Obesity Type Ii
Obesity Type Ii,Obesity Type Ii
Obesity Type Ii,Obesity Type Ii
Obesity Type Ii,Obesity Type Ii
Obesity Type Ii,Obesity Type Ii
Obesity Type Ii,Obesity Type Ii
Obesity Type Ii,Obesity Type Ii
Obesity Type Ii,Obesity Type Ii
Obesity Type Ii,Obesity Type Ii
Obesity Type Ii,Obesity Type Ii
Obesity Type Ii,Obesity Type Ii
Obesity Type Ii,Obesity Type Ii
Obesity Type Ii,Obesity Type Ii
Obesity Type Ii,Obesity Type Ii
Obesity Type Ii,Obesity Type Ii
Obesity Type Ii,Obesity Type Ii
Obesity Type Ii,Obesity Type Ii
Obesity Type Ii,Obesity Type Ii
Obesity Type Ii,Obesity Type Ii
Obesity Type Ii,Obesity Type Ii
Obesity Type Ii,Obesity Type Ii
Obesity Type Ii,Obesity Type Ii
Obesity Type Ii,Obesity Type Ii
Obesity Type Ii,Obesity Type Ii
Obesity Type Ii,Obesity Type Ii
Obesity Type Ii,Obesity Type Ii
Obesity Type Ii,Obesity Type Ii
Obesity Type Ii,Obesity Type Ii
Obesity Type Ii,Obesity Type Ii
Obesity Type Ii,Obesity Type Ii
Obesity Type Ii,Obesity Type Ii
Obesity Type Ii,Obesity Type Ii
Obesity Type Ii,Obesity Type Ii
Obesity Type Ii,Obesity Type Ii
Obesity Type Ii,Obesity Type Ii
Obesity Type Ii,Obesity Type Ii
Obesity Type Ii,Obesity Type Ii
Obesity Type Ii,Obesity Type Ii
Obesity Type Ii,Obesity Type Ii
Obesity Type Ii,Obesity Type Ii
Obesity Type Ii,Obesity Type Ii
Obesity Type Ii,Obesity Type Ii
Obesity Type Ii,Obesity Type Ii
Obesity Type Ii,Obesity Type Ii
Obesity Type Ii,Obesity Type Ii
Obesity Type Ii,Obesity Type Ii
Obesity Type Ii,Obesity Type Ii
Obesity Type Ii,Obesity Type Ii
Obesity Type Ii,Obesity Type Ii
Obesity Type Ii,Obesity Type Ii
Obesity Type Ii,Obesity Type Ii
Obesity Type Ii,Obesity Type Ii
Obesity Type Ii,Overweight Level Ii
Obesity Type Ii,Obesity Type Ii
Obesity Type Ii,Obesity Type Ii
Obesity Type Ii,Obesity Type Ii
Obesity Type Ii,Obesity Type Ii
Obesity Type Ii,Obesity Type Ii
Obesity Type Ii,Obesity Type Ii
Obesity Type Ii,Obesity Type Ii
Obesity Type Ii,Obesity Type Ii
Obesity Type Ii,Obesity Type Ii
Obesity Type Ii,Obesity Type Ii
Obesity Type Ii,Obesity Type Ii
Obesity Type Ii,Obesity Type Ii
Obesity Type Ii,Obesity Type Ii
Obesity Type Ii,Obesity Type Ii
Obesity Type Ii,Obesity Type Ii
Obesity Type Ii,Obesity Type Ii
Obesity Type Ii,Obesity Type Ii
Obesity Type Ii,Obesity Type Ii
Obesity Type Ii,Obesity Type Ii
Obesity Type Ii,Obesity Type Ii
Obesity Type Ii,Obesity Type Ii
Obesity Type Ii,Obesity Type Ii
Obesity Type Ii,Obesity Type Ii
Obesity Type Ii,Obesity Type Ii
Obesity Type Ii,Obesity Type Ii
Obesity Type Ii,Obesity Type Ii
Obesity Type Ii,Obesity Type Ii
Obesity Type Ii,Obesity Type Ii
Obesity Type Ii,Obesity Type Ii
Obesity Type Ii,Obesity Type Ii
Obesity Type Ii,Obesity Type Ii
Obesity Type Ii,Obesity Type Ii
Obesity Type Ii,Obesity Type Ii
Obesity Type Ii,Obesity Type Ii
Obesity Type Ii,Obesity Type Ii
Obesity Type Ii,Obesity Type Ii
Obesity Type I,Obesity Type Ii
Obesity Type Ii,Obesity Type Ii
Obesity Type Ii,Obesity Type Ii
Obesity Type Ii,Obesity Type Ii
Obesity Type Ii,Obesity Type Ii
Obesity Type Ii,Obesity Type Ii
Obesity Type Ii,Obesity Type Ii
Obesity Type Ii,Obesity Type Ii
Obesity Type Ii,Obesity Type Ii
Obesity Type Ii,Obesity Type Ii
Obesity Type Ii,Obesity Type Ii
Obesity Type Ii,Obesity Type Ii
Obesity Type Ii,Obesity Type Ii
Obesity Type Ii,Obesity Type Ii
Obesity Type Ii,Obesity Type Ii
Obesity Type Ii,Obesity Type Ii
Obesity Type Ii,Obesity Type Ii
Obesity Type Ii,Obesity Type Ii
Obesity Type Ii,Obesity Type Ii
Obesity Type Ii,Obesity Type Ii
Obesity Type Ii,Obesity Type Ii
Obesity Type Ii,Obesity Type Ii
Obesity Type Ii,Obesity Type Ii
Obesity Type Ii,Obesity Type Ii
Obesity Type Ii,Obesity Type Ii
Obesity Type Ii,Obesity Type Ii
Obesity Type Ii,Obesity Type Ii
Obesity Type Ii,Obesity Type Ii
Obesity Type Ii,Obesity Type Ii
Obesity Type Ii,Obesity Type Ii
Obesity Type Iii,Obesity Type Iii
Obesity Type Iii,Obesity Type Iii
Obesity Type Iii,Obesity Type Iii
Obesity Type Iii,Obesity Type Iii
Obesity Type Iii,Obesity Type Iii
Obesity Type Iii,Obesity Type Iii
Obesity Type Iii,Obesity Type Iii
Obesity Type Iii,Obesity Type Iii
Obesity Type Iii,Obesity Type Iii
Obesity Type Iii,Obesity Type Iii
Obesity Type Iii,Obesity Type Iii
Obesity Type Iii,Obesity Type Iii
Obesity Type Iii,Obesity Type Iii
Obesity Type Iii,Obesity Type Iii
Obesity Type Iii,Obesity Type Iii
Obesity Type Iii,Obesity Type Iii
Obesity Type Iii,Obesity Type Iii
Obesity Type Iii,Obesity Type Iii
Obesity Type Iii,Obesity Type Iii
Obesity Type Iii,Obesity Type Iii
Obesity Type Iii,Obesity Type Iii
Obesity Type Iii,Obesity Type Iii
Obesity Type Iii,Obesity Type Iii
Obesity Type Iii,Obesity Type Iii
Obesity Type Iii,Obesity Type Iii
Obesity Type Iii,Obesity Type Iii
Obesity Type Iii,Obesity Type Iii
Obesity Type Iii,Obesity Type Iii
Obesity Type Iii,Obesity Type Iii
Obesity Type Iii,Obesity Type Iii
Obesity Type Iii,Obesity Type Ii
Obesity Type Iii,Obesity Type Iii
Obesity Type Iii,Obesity Type Iii
Obesity Type Iii,Obesity Type Iii
Obesity Type Iii,Obesity Type Iii
Obesity Type Iii,Obesity Type Iii
Obesity Type Iii,Obesity Type Iii
Obesity Type Iii,Obesity Type Iii
Obesity Type Iii,Obesity Type Iii
Obesity Type Iii,Obesity Type Iii
Obesity Type Iii,Obesity Type Iii
Obesity Type Iii,Obesity Type Iii
Obesity Type Iii,Obesity Type Iii
Obesity Type Iii,Obesity Type Iii
Obesity Type Iii,Obesity Type Iii
Obesity Type Iii,Obesity Type Iii
Obesity Type Iii,Obesity Type Iii
Obesity Type Iii,Obesity Type Iii
Obesity Type Iii,Obesity Type Iii
Obesity Type Iii,Obesity Type Iii
Obesity Type Iii,Obesity Type Iii
Obesity Type Iii,Obesity Type Iii
Obesity Type Iii,Obesity Type Iii
Obesity Type Iii,Obesity Type Iii
Obesity Type Iii,Obesity Type Iii
Obesity Type Iii,Obesity Type Iii
Obesity Type Iii,Obesity Type Iii
Obesity Type Iii,Obesity Type Iii
Obesity Type Iii,Obesity Type Iii
Obesity Type Iii,Obesity Type Iii
Obesity Type Iii,Obesity Type Iii
Obesity Type Iii,Obesity Type Iii
Obesity Type Iii,Obesity Type Iii
Obesity Type Iii,Obesity Type Iii
Obesity Type Iii,Obesity Type I
Obesity Type Iii,Obesity Type Iii
Obesity Type Iii,Obesity Type Iii
Obesity Type Iii,Obesity Type Iii
Obesity Type Iii,Obesity Type Iii
Obesity Type Iii,Obesity Type Iii
Obesity Type Iii,Obesity Type Iii
Obesity Type Iii,Obesity Type Iii
Obesity Type Iii,Obesity Type Iii
Obesity Type Iii,Obesity Type Iii
Obesity Type Iii,Obesity Type Iii
Obesity Type Iii,Obesity Type Iii
Obesity Type Iii,Obesity Type Iii
Obesity Type Iii,Obesity Type Iii
Obesity Type Iii,Obesity Type Iii
Obesity Type Iii,Obesity Type Iii
Obesity Type Iii,Obesity Type Iii
Obesity Type Iii,Obesity Type Iii
Obesity Type Iii,Obesity Type Iii
Obesity Type Iii,Obesity Type Iii
Obesity Type Iii,Obesity Type Iii
Obesity Type Iii,Obesity Type Iii
Obesity Type Iii,Obesity Type Iii
Obesity Type Iii,Obesity Type Iii
Obesity Type Iii,Obesity Type Iii
Obesity Type Iii,Obesity Type Iii
Obesity Type Iii,Obesity Type Iii
Obesity Type Iii,Obesity Type Iii
Obesity Type Iii,Obesity Type Iii
Obesity Type Iii,Obesity Type Iii
Obesity Type Iii,Obesity Type Iii
Obesity Type Iii,Obesity Type Iii
Obesity Type Iii,Obesity Type Iii
Obesity Type Iii,Obesity Type Iii
Obesity Type Iii,Obesity Type Iii
Obesity Type Iii,Obesity Type Iii
Obesity Type Iii,Obesity Type Iii
Obesity Type Iii,Obesity Type Iii
Obesity Type Iii,Obesity Type Iii
Obesity Type Iii,Obesity Type Iii
Obesity Type Iii,Obesity Type Iii
Obesity Type Iii,Obesity Type Iii
Obesity Type Iii,Obesity Type Iii
Obesity Type Iii,Obesity Type Iii
Obesity Type Iii,Obesity Type Iii
Obesity Type Iii,Obesity Type Iii
Obesity Type Iii,Obesity Type Iii
Obesity Type Iii,Obesity Type Iii
Obesity Type Iii,Obesity Type Iii
Obesity Type Iii,Obesity Type Iii
Obesity Type Iii,Obesity Type Iii
Obesity Type Iii,Obesity Type Iii
Obesity Type Iii,Obesity Type Iii
Obesity Type Iii,Obesity Type Iii
Obesity Type Iii,Obesity Type Iii
Obesity Type Iii,Obesity Type Iii
Obesity Type Iii,Obesity Type Iii
Obesity Type Iii,Obesity Type Iii
Obesity Type Iii,Obesity Type Iii
Obesity Type Iii,Obesity Type Iii
Obesity Type Iii,Obesity Type Iii
Obesity Type Iii,Obesity Type Iii
Obesity Type Iii,Obesity Type Iii
Obesity Type Iii,Obesity Type Iii
Obesity Type Iii,Obesity Type Iii
Obesity Type Iii,Obesity Type Iii
Obesity Type Iii,Obesity Type Iii
Obesity Type Iii,Obesity Type Iii
Obesity Type Iii,Obesity Type Iii
Obesity Type Iii,Obesity Type Iii
Obesity Type Iii,Obesity Type Iii
Obesity Type Iii,Obesity Type Iii
Obesity Type Iii,Obesity Type Iii
Obesity Type Iii,Obesity Type Iii
Obesity Type Iii,Obesity Type Iii
Obesity Type Iii,Obesity Type Iii
Obesity Type Iii,Obesity Type Iii
Obesity Type Iii,Obesity Type Iii
Obesity Type Iii,Obesity Type Iii
Obesity Type Iii,Obesity Type Iii
Obesity Type Iii,Obesity Type Iii
Obesity Type Iii,Obesity Type Iii
Obesity Type Iii,Obesity Type Iii
Obesity Type Iii,Obesity Type Iii
Obesity Type Iii,Obesity Type Iii
Obesity Type Iii,Obesity Type Iii
Obesity Type Iii,Obesity Type Iii
Obesity Type Iii,Obesity Type Iii
Obesity Type Iii,Obesity Type Iii
Obesity Type Iii,Obesity Type Iii
Obesity Type Iii,Obesity Type Iii
Obesity Type Iii,Obesity Type Iii
Obesity Type Iii,Obesity Type Iii
Obesity Type Iii,Obesity Type Iii
Obesity Type Iii,Obesity Type Iii
Obesity Type Iii,Obesity Type Iii
Obesity Type Iii,Obesity Type Iii
Obesity Type Iii,Obesity Type Iii
Obesity Type Iii,Obesity Type Iii
Obesity Type Iii,Obesity Type Iii
Obesity Type Iii,Obesity Type Iii
Obesity Type Iii,Obesity Type I
Obesity Type Iii,Obesity Type Iii
Obesity Type Iii,Obesity Type Iii
Obesity Type Iii,Obesity Type Iii
Obesity Type Iii,Obesity Type Iii
Obesity Type Iii,Obesity Type Iii
Obesity Type Iii,Obesity Type Iii
Obesity Type Iii,Obesity Type Iii
Obesity Type Iii,Obesity Type Iii
Obesity Type Iii,Obesity Type Iii
Obesity Type Iii,Obesity Type Iii
Obesity Type Iii,Obesity Type Iii
Obesity Type Iii,Obesity Type Iii
Obesity Type Iii,Obesity Type Iii
Obesity Type Iii,Obesity Type Iii
Obesity Type Iii,Obesity Type Iii
Obesity Type Iii,Obesity Type Iii
Obesity Type Iii,Obesity Type Iii
Obesity Type Iii,Obesity Type Iii
Obesity Type Iii,Obesity Type Iii
Obesity Type Iii,Obesity Type Iii
Obesity Type Iii,Obesity Type Iii
Obesity Type Iii,Obesity Type Iii
Obesity Type Iii,Obesity Type Iii
Obesity Type Iii,Obesity Type Iii
Obesity Type Iii,Obesity Type Iii
Obesity Type Iii,Obesity Type Iii
Obesity Type Iii,Obesity Type Iii
Obesity Type Iii,Obesity Type Iii
Obesity Type Iii,Obesity Type Iii
Obesity Type Iii,Obesity Type Iii
Obesity Type Iii,Obesity Type Iii
Obesity Type Iii,Obesity Type Ii
Obesity Type Iii,Obesity Type Iii
Obesity Type Iii,Obesity Type Iii
Obesity Type Iii,Obesity Type Iii
Obesity Type Iii,Obesity Type Iii
Obesity Type Iii,Obesity Type Iii
Obesity Type Iii,Obesity Type Iii
Obesity Type Iii,Obesity Type Iii
Obesity Type Iii,Obesity Type Iii
Obesity Type Iii,Obesity Type Iii
Obesity Type Iii,Obesity Type Iii
Obesity Type Iii,Obesity Type Iii
Obesity Type Iii,Obesity Type Iii
Obesity Type Iii,Obesity Type Iii
Obesity Type Iii,Obesity Type I
Obesity Type Iii,Obesity Type Iii
Obesity Type Iii,Obesity Type Iii
Obesity Type Iii,Obesity Type Iii
Obesity Type Iii,Obesity Type Iii
Obesity Type Iii,Obesity Type Iii
Obesity Type Iii,Obesity Type Iii
Obesity Type Iii,Obesity Type Iii
Obesity Type Iii,Obesity Type Iii
Obesity Type Iii,Obesity Type Iii
Obesity Type Iii,Obesity Type Iii
Obesity Type Iii,Obesity Type Iii
Obesity Type Iii,Obesity Type Iii
Obesity Type Iii,Obesity Type Iii
Obesity Type Iii,Obesity Type Iii
Obesity Type Iii,Obesity Type Iii
Obesity Type Iii,Obesity Type Iii
Obesity Type Iii,Obesity Type Iii
Obesity Type Iii,Obesity Type Iii
Obesity Type Iii,Obesity Type Iii
Obesity Type Iii,Obesity Type Iii
Obesity Type Iii,Obesity Type Iii
Obesity Type Iii,Obesity Type Iii
Obesity Type Iii,Obesity Type Iii
Obesity Type Iii,Obesity Type Iii
Obesity Type Iii,Obesity Type Iii
Obesity Type Iii,Obesity Type Iii
Obesity Type Iii,Obesity Type I
Obesity Type Iii,Obesity Type Iii
Obesity Type Iii,Obesity Type Iii
Obesity Type Iii,Obesity Type Iii
Obesity Type Iii,Obesity Type Iii
Obesity Type Iii,Obesity Type Iii
Obesity Type Iii,Obesity Type Iii
Obesity Type Iii,Obesity Type Iii
Obesity Type Iii,Obesity Type Iii
Obesity Type Iii,Obesity Type Iii
Obesity Type Iii,Obesity Type Iii
Obesity Type Iii,Obesity Type Iii
Obesity Type Iii,Obesity Type Iii
Obesity Type Iii,Obesity Type Iii
Obesity Type Iii,Obesity Type Iii
Obesity Type Iii,Obesity Type Iii
Obesity Type Iii,Obesity Type Iii
Obesity Type Iii,Obesity Type Iii
Obesity Type Iii,Obesity Type Iii
Obesity Type Iii,Obesity Type Iii
Obesity Type Iii,Obesity Type Iii
Obesity Type Iii,Obesity Type Iii
Obesity Type Iii,Obesity Type Iii
Obesity Type Iii,Obesity Type Iii
Obesity Type Iii,Obesity Type Iii
Obesity Type Iii,Obesity Type Iii
Obesity Type I,Obesity Type Iii
Obesity Type Iii,Obesity Type Iii
Obesity Type Iii,Obesity Type Iii
Obesity Type Iii,Obesity Type Iii
Obesity Type Iii,Obesity Type Iii
Obesity Type Iii,Obesity Type Iii
Obesity Type Iii,Obesity Type Iii
Obesity Type Iii,Obesity Type Iii
Obesity Type Iii,Obesity Type Iii
Obesity Type Iii,Obesity Type Iii
Obesity Type Iii,Obesity Type Iii
Obesity Type Iii,Obesity Type Iii
Obesity Type Iii,Obesity Type Iii
Obesity Type Iii,Obesity Type Iii
Obesity Type Iii,Obesity Type Iii
Obesity Type Iii,Obesity Type Iii
Obesity Type Iii,Obesity Type Iii
Obesity Type Iii,Obesity Type Iii
Obesity Type Iii,Obesity Type Iii
Obesity Type Iii,Obesity Type Iii
Obesity Type Iii,Obesity Type Iii
Obesity Type Iii,Obesity Type Iii
Obesity Type Iii,Obesity Type Iii
Obesity Type Iii,Obesity Type Ii
Obesity Type Iii,Obesity Type Iii
Obesity Type Iii,Obesity Type Iii
Obesity Type Iii,Obesity Type Iii
Obesity Type Iii,Obesity Type Iii
Obesity Type Iii,Obesity Type Iii
Obesity Type Iii,Obesity Type Iii
Obesity Type Iii,Obesity Type Iii
Obesity Type Iii,Obesity Type Iii
Obesity Type Iii,Obesity Type Iii
Obesity Type Iii,Obesity Type Iii
Obesity Type Iii,Obesity Type Iii
Obesity Type Iii,Obesity Type Iii
Obesity Type I,Obesity Type Iii
Obesity Type Iii,Obesity Type Iii
Obesity Type Iii,Obesity Type Iii
Obesity Type Iii,Obesity Type Iii
Obesity Type Iii,Obesity Type Iii
Obesity Type Iii,Obesity Type Iii
Obesity Type Iii,Obesity Type Iii
Obesity Type Iii,Obesity Type Iii
Obesity Type Iii,Obesity Type Iii
Obesity Type Iii,Obesity Type Iii
Obesity Type Iii,Obesity Type Iii
Obesity Type Iii,Obesity Type Iii
Obesity Type Ii,Obesity Type Ii
Overweight Level I,Overweight Level I
Obesity Type Ii,Obesity Type Ii
Overweight Level Ii,Overweight Level Ii
Normal Weight,Normal Weight
Overweight Level I,Overweight Level I
Normal Weight,Normal Weight
Obesity Type I,Overweight Level I
Obesity Type Ii,Obesity Type Ii
Overweight Level Ii,Overweight Level Ii
Obesity Type I,Obesity Type I
Obesity Type I,Obesity Type I
Overweight Level I,Overweight Level I
